{
  "q_table": {
    "blind|(0,)|select": -3.613467443399077,
    "blind|(0,)|skip": -4.149452484486699,
    "hand|(0, 4, 4, 4, 0)|play": -0.1694577218886001,
    "hand|(0, 4, 4, 4, 0)|discard": 0.0,
    "hand|(0, 4, 4, 4, 0)|discard_all": 0.0,
    "hand|(0, 3, 4, 3, 3)|play": -0.18828635765400006,
    "hand|(0, 3, 4, 3, 3)|discard": 0.0,
    "hand|(0, 3, 4, 3, 3)|discard_all": 0.0,
    "hand|(0, 3, 4, 5, 2)|play": -0.2582803260000001,
    "hand|(0, 3, 4, 5, 2)|discard": 0.0,
    "hand|(0, 3, 4, 5, 2)|discard_all": 0.0,
    "hand|(0, 2, 4, 2, 3)|play": -0.2869781400000001,
    "hand|(0, 2, 4, 2, 3)|discard": 0.0,
    "hand|(0, 2, 4, 2, 3)|discard_all": 0.0,
    "hand|(0, 1, 3, 6, 4)|play": -0.3542940000000001,
    "hand|(0, 1, 3, 6, 4)|discard": 0.0,
    "hand|(0, 1, 3, 6, 4)|discard_all": 0.0,
    "hand|(0, 4, 4, 2, 0)|play": -1.7175831965091404,
    "hand|(0, 4, 4, 2, 0)|discard": -1.9514513520000003,
    "hand|(0, 4, 4, 2, 0)|discard_all": -1.5666939840515128,
    "hand|(0, 2, 4, 2, 1)|play": -0.54,
    "hand|(0, 2, 4, 2, 1)|discard": -0.4184141281200002,
    "hand|(0, 2, 4, 2, 1)|discard_all": 0.0,
    "hand|(0, 1, 4, 6, 1)|play": -0.6000000000000001,
    "hand|(0, 1, 4, 6, 1)|discard": 0.0,
    "hand|(0, 1, 4, 6, 1)|discard_all": 0.0,
    "hand|(0, 3, 4, 2, 0)|play": -0.48600000000000004,
    "hand|(0, 1, 4, 2, 4)|discard_all": -0.3188646000000001,
    "hand|(0, 4, 4, 5, 0)|play": -0.8653070640600001,
    "hand|(0, 4, 4, 1, 0)|play": -1.4828273934789076,
    "hand|(0, 4, 4, 1, 0)|discard": -0.7941190215326401,
    "hand|(0, 4, 4, 1, 0)|discard_all": -1.3714302673080003,
    "hand|(0, 3, 3, 1, 1)|play": -0.10006309019799947,
    "hand|(0, 3, 3, 1, 1)|discard": -1.0935000000000001,
    "hand|(0, 3, 3, 1, 1)|discard_all": 0.0,
    "hand|(0, 3, 3, 2, 1)|play": -0.2324522934000001,
    "hand|(0, 3, 3, 2, 1)|discard": 0.0,
    "hand|(0, 3, 3, 2, 1)|discard_all": 0.0,
    "hand|(0, 2, 2, 5, 2)|play": -0.2869781400000001,
    "hand|(0, 2, 2, 5, 2)|discard": -0.1853020188851841,
    "hand|(0, 2, 2, 5, 2)|discard_all": 0.0,
    "hand|(0, 1, 2, 2, 4)|play": -0.3188646000000001,
    "hand|(0, 1, 2, 2, 4)|discard": 0.0,
    "hand|(0, 1, 2, 2, 4)|discard_all": 0.0,
    "hand|(0, 3, 4, 2, 0)|discard": -0.43740000000000007,
    "hand|(0, 3, 4, 2, 0)|discard_all": -1.0935000000000001,
    "hand|(0, 3, 3, 2, 0)|play": -0.48600000000000004,
    "hand|(0, 3, 3, 2, 0)|discard": -0.7873200000000002,
    "hand|(0, 3, 3, 2, 0)|discard_all": -0.7873200000000002,
    "hand|(0, 2, 3, 0, 1)|play": -0.54,
    "hand|(0, 2, 3, 0, 1)|discard": 0.0,
    "hand|(0, 2, 3, 0, 1)|discard_all": 0.0,
    "hand|(0, 1, 3, 2, 1)|play": -0.6000000000000001,
    "hand|(0, 1, 3, 2, 1)|discard": 0.0,
    "hand|(0, 1, 3, 2, 1)|discard_all": 0.0,
    "hand|(0, 2, 3, 5, 2)|discard_all": -0.2582803260000001,
    "hand|(0, 4, 3, 5, 0)|play": -0.2092070640600001,
    "hand|(0, 1, 2, 2, 3)|play": -1.0235346792567896,
    "hand|(0, 1, 3, 1, 3)|discard_all": -0.9211812113311105,
    "hand|(0, 2, 3, 2, 1)|play": -0.11118121133111053,
    "hand|(0, 3, 4, 0, 1)|discard": -0.09005678117819953,
    "hand|(0, 3, 3, 3, 0)|play": -1.215,
    "hand|(0, 3, 3, 3, 0)|discard": 0.0,
    "hand|(0, 3, 3, 3, 0)|discard_all": 0.0,
    "hand|(0, 2, 3, 1, 1)|play": -1.35,
    "hand|(0, 2, 3, 1, 1)|discard": 0.0,
    "hand|(0, 2, 3, 1, 1)|discard_all": 0.0,
    "hand|(0, 1, 3, 2, 2)|play": -1.5,
    "hand|(0, 4, 3, 3, 0)|play": -0.4184141281200002,
    "hand|(0, 4, 3, 3, 0)|discard": -0.28242953648100005,
    "hand|(0, 4, 3, 3, 0)|discard_all": -0.15009463529699912,
    "hand|(0, 3, 3, 0, 2)|play": -0.4649045868000002,
    "hand|(0, 3, 3, 0, 2)|discard": 0.0,
    "hand|(0, 3, 3, 0, 2)|discard_all": 0.0,
    "hand|(0, 2, 3, 4, 3)|play": -0.5165606520000002,
    "hand|(0, 2, 3, 4, 3)|discard": 0.0,
    "hand|(0, 2, 3, 4, 3)|discard_all": 0.0,
    "hand|(0, 4, 3, 1, 0)|play": -1.3463172000000003,
    "hand|(0, 4, 3, 1, 0)|discard": 0.0,
    "hand|(0, 4, 3, 1, 0)|discard_all": 0.0,
    "hand|(0, 3, 1, 2, 0)|play": -0.9720000000000001,
    "hand|(0, 3, 1, 2, 0)|discard": 0.0,
    "hand|(0, 3, 1, 2, 0)|discard_all": 0.0,
    "hand|(0, 1, 1, 2, 3)|play": -1.2000000000000002,
    "hand|(0, 2, 1, 3, 1)|play": -1.08,
    "hand|(0, 3, 2, 2, 0)|discard": -0.8748000000000001,
    "hand|(0, 4, 4, 6, 0)|discard_all": -0.3765727153080001,
    "hand|(0, 4, 3, 2, 0)|play": -1.3041491281200002,
    "hand|(0, 4, 3, 2, 0)|discard": -1.4387685718329002,
    "hand|(0, 4, 3, 2, 0)|discard_all": -1.6191944388000006,
    "hand|(0, 2, 2, 1, 2)|play": -1.35,
    "hand|(0, 2, 2, 1, 2)|discard": 0.0,
    "hand|(0, 2, 2, 1, 2)|discard_all": 0.0,
    "hand|(0, 1, 2, 1, 3)|play": -1.5,
    "hand|(0, 3, 2, 2, 1)|play": -1.215,
    "hand|(0, 3, 4, 1, 0)|play": -0.9294054437772001,
    "hand|(0, 3, 4, 1, 0)|discard": 0.0,
    "hand|(0, 3, 4, 1, 0)|discard_all": 0.0,
    "hand|(0, 2, 3, 6, 1)|play": -0.4649045868000002,
    "hand|(0, 2, 3, 6, 1)|discard": 0.0,
    "hand|(0, 2, 3, 6, 1)|discard_all": 0.0,
    "hand|(0, 1, 3, 2, 4)|play": -0.5165606520000002,
    "hand|(0, 1, 3, 2, 4)|discard": 0.0,
    "hand|(0, 1, 3, 2, 4)|discard_all": 0.0,
    "hand|(0, 3, 2, 1, 0)|play": -0.8748000000000001,
    "hand|(0, 3, 2, 1, 0)|discard": 0.0,
    "hand|(0, 3, 2, 1, 0)|discard_all": 0.0,
    "hand|(0, 1, 1, 2, 1)|play": -1.2000000000000002,
    "hand|(0, 2, 1, 5, 0)|play": -1.08,
    "hand|(0, 2, 2, 2, 0)|discard_all": -0.9720000000000001,
    "hand|(0, 4, 4, 3, 0)|play": -1.0806911320946493,
    "hand|(0, 4, 4, 3, 0)|discard": -0.2541865828329,
    "hand|(0, 4, 4, 3, 0)|discard_all": -0.24706935851357895,
    "hand|(0, 2, 4, 4, 3)|play": -0.28242953648100005,
    "hand|(0, 2, 4, 4, 3)|discard": 0.0,
    "hand|(0, 2, 4, 4, 3)|discard_all": 0.0,
    "hand|(0, 1, 0, 1, 0)|play": -0.9,
    "hand|(0, 2, 0, 1, 0)|play": -0.81,
    "hand|(0, 3, 0, 5, 0)|play": -0.7290000000000001,
    "hand|(0, 3, 1, 5, 0)|discard": -0.6561,
    "hand|(0, 3, 2, 3, 0)|discard": -0.5904900000000001,
    "hand|(0, 4, 2, 2, 0)|play": -2.0247902100000004,
    "hand|(0, 3, 4, 4, 1)|play": -0.2541865828329,
    "hand|(0, 4, 1, 7, 0)|play": -0.34867844010000004,
    "hand|(0, 4, 1, 7, 0)|discard": 0.0,
    "hand|(0, 4, 1, 7, 0)|discard_all": 0.0,
    "hand|(0, 2, 3, 1, 0)|play": -0.7290000000000001,
    "hand|(0, 2, 3, 1, 0)|discard": 0.0,
    "hand|(0, 2, 3, 1, 0)|discard_all": 0.0,
    "hand|(0, 1, 2, 3, 0)|play": -0.9,
    "hand|(0, 1, 2, 3, 0)|discard": 0.0,
    "hand|(0, 1, 2, 3, 0)|discard_all": 0.0,
    "hand|(0, 1, 3, 2, 0)|discard": -0.81,
    "hand|(0, 2, 4, 0, 0)|discard": -0.6561,
    "hand|(0, 4, 2, 7, 0)|discard": -0.31381059609000006,
    "hand|(0, 4, 2, 3, 0)|play": -0.30502389939948016,
    "hand|(0, 4, 2, 3, 0)|discard": 0.0,
    "hand|(0, 4, 2, 3, 0)|discard_all": 0.0,
    "hand|(0, 3, 2, 1, 3)|play": -0.3389154437772002,
    "hand|(0, 3, 2, 1, 3)|discard": 0.0,
    "hand|(0, 3, 2, 1, 3)|discard_all": 0.0,
    "hand|(0, 2, 1, 3, 3)|play": -0.4184141281200002,
    "hand|(0, 2, 1, 3, 3)|discard": 0.0,
    "hand|(0, 2, 1, 3, 3)|discard_all": 0.0,
    "hand|(0, 4, 2, 2, 0)|discard": -0.7085880000000002,
    "hand|(0, 4, 2, 2, 0)|discard_all": -0.31381059609000006,
    "hand|(0, 4, 1, 2, 0)|play": -0.7873200000000002,
    "hand|(0, 4, 1, 2, 0)|discard": 0.0,
    "hand|(0, 4, 1, 2, 0)|discard_all": 0.0,
    "hand|(0, 3, 1, 1, 1)|play": -0.8748000000000001,
    "hand|(0, 3, 1, 1, 1)|discard": 0.0,
    "hand|(0, 3, 1, 1, 1)|discard_all": 0.0,
    "hand|(0, 1, 0, 3, 3)|play": -1.2000000000000002,
    "hand|(0, 2, 0, 6, 1)|play": -1.08,
    "hand|(0, 2, 1, 6, 1)|discard": -0.9720000000000001,
    "hand|(0, 2, 2, 3, 3)|discard": -0.3765727153080001,
    "hand|(0, 4, 3, 7, 0)|discard_all": -0.27452150945953213,
    "hand|(0, 3, 4, 1, 1)|play": -0.1350851717672992,
    "hand|(0, 3, 4, 1, 1)|discard": 0.0,
    "hand|(0, 3, 4, 1, 1)|discard_all": 0.0,
    "hand|(0, 2, 1, 5, 2)|play": -0.20589113209464902,
    "hand|(0, 2, 1, 5, 2)|discard": 0.0,
    "hand|(0, 2, 1, 5, 2)|discard_all": 0.0,